name,url,remote,adaptive,test_type,description
Search Engine Optimization (New),/solutions/products/product-catalog/view/search-engine-optimization-new/,No,No,K,Search Engine Optimization (New) - K
Selenium (New),/solutions/products/product-catalog/view/selenium-new/,No,No,K,Selenium (New) - K
Shell Scripting (New),/solutions/products/product-catalog/view/shell-scripting-new/,No,No,K,Shell Scripting (New) - K
SHL Verify Interactive - Inductive Reasoning,/solutions/products/product-catalog/view/shl-verify-interactive-inductive-reasoning/,No,No,"A
S","SHL Verify Interactive - Inductive Reasoning - A
S"
SHL Verify Interactive – Deductive Reasoning,/solutions/products/product-catalog/view/shl-verify-interactive-deductive-reasoning/,No,No,"A
S","SHL Verify Interactive – Deductive Reasoning - A
S"
SHL Verify Interactive – Numerical Reasoning,/solutions/products/product-catalog/view/shl-verify-interactive-numerical-reasoning/,No,No,"A
S","SHL Verify Interactive – Numerical Reasoning - A
S"
SHL Verify Interactive G+,/solutions/products/product-catalog/view/shl-verify-interactive-g/,No,No,A,SHL Verify Interactive G+ - A
SHL Verify Interactive Numerical Calculation,/solutions/products/product-catalog/view/shl-verify-interactive-numerical-calculation/,No,No,A,SHL Verify Interactive Numerical Calculation - A
Siebel Development (New),/solutions/products/product-catalog/view/siebel-development-new/,No,No,K,Siebel Development (New) - K
Smart Interview Live,/solutions/products/product-catalog/view/smart-interview-live/,No,No,P,Smart Interview Live - P
Smart Interview Live Coding,/solutions/products/product-catalog/view/smart-interview-live-coding/,No,No,K,Smart Interview Live Coding - K
Smart Interview On Demand,/solutions/products/product-catalog/view/smart-interview-on-demand/,No,No,P,Smart Interview On Demand - P
Adobe Experience Manager (New),/solutions/products/product-catalog/view/adobe-experience-manager-new/,No,No,K,Adobe Experience Manager (New) - K
Adobe Photoshop CC,/solutions/products/product-catalog/view/adobe-photoshop-cc/,No,No,K,Adobe Photoshop CC - K
Aeronautical Engineering (New),/solutions/products/product-catalog/view/aeronautical-engineering-new/,No,No,K,Aeronautical Engineering (New) - K
Aerospace Engineering (New),/solutions/products/product-catalog/view/aerospace-engineering-new/,No,No,K,Aerospace Engineering (New) - K
Agile Software Development,/solutions/products/product-catalog/view/agile-software-development/,No,No,K,Agile Software Development - K
Agile Testing (New),/solutions/products/product-catalog/view/agile-testing-new/,No,No,K,Agile Testing (New) - K
AI Skills,/solutions/products/product-catalog/view/ai-skills/,No,No,P,AI Skills - P
Amazon Web Services (AWS) Development (New),/solutions/products/product-catalog/view/amazon-web-services-aws-development-new/,No,No,K,Amazon Web Services (AWS) Development (New) - K
Android Development (New),/solutions/products/product-catalog/view/android-development-new/,No,No,K,Android Development (New) - K
Angular 6 (New),/solutions/products/product-catalog/view/angular-6-new/,No,No,K,Angular 6 (New) - K
AngularJS (New),/solutions/products/product-catalog/view/angularjs-new/,No,No,K,AngularJS (New) - K
Apache Hadoop (New),/solutions/products/product-catalog/view/apache-hadoop-new/,No,No,K,Apache Hadoop (New) - K
Apache Hadoop Extensions (New),/solutions/products/product-catalog/view/apache-hadoop-extensions-new/,No,No,K,Apache Hadoop Extensions (New) - K
Apache HBase (New),/solutions/products/product-catalog/view/apache-hbase-new/,No,No,K,Apache HBase (New) - K
Apache Hive (New),/solutions/products/product-catalog/view/apache-hive-new/,No,No,K,Apache Hive (New) - K
Apache Kafka (New),/solutions/products/product-catalog/view/apache-kafka-new/,No,No,K,Apache Kafka (New) - K
Apache Pig (New),/solutions/products/product-catalog/view/apache-pig-new/,No,No,K,Apache Pig (New) - K
Apache Spark (New),/solutions/products/product-catalog/view/apache-spark-new/,No,No,K,Apache Spark (New) - K
ASP .NET with C# (New),/solutions/products/product-catalog/view/asp-net-with-c-new/,No,No,K,ASP .NET with C# (New) - K
ASP.NET 4.5,/solutions/products/product-catalog/view/asp-net-4-5/,No,No,K,ASP.NET 4.5 - K
Assessment and Development Center Exercises,/solutions/products/product-catalog/view/assessment-and-development-center-exercises/,No,No,E,Assessment and Development Center Exercises - E
Automata - Fix (New),/solutions/products/product-catalog/view/automata-fix-new/,No,No,S,Automata - Fix (New) - S
Automata - SQL (New),/solutions/products/product-catalog/view/automata-sql-new/,No,No,S,Automata - SQL (New) - S
Automata (New),/solutions/products/product-catalog/view/automata-new/,No,No,S,Automata (New) - S
Automata Data Science (New),/solutions/products/product-catalog/view/automata-data-science-new/,No,No,S,Automata Data Science (New) - S
Automata Data Science Pro (New),/solutions/products/product-catalog/view/automata-data-science-pro-new/,No,No,S,Automata Data Science Pro (New) - S
Automata Front End,/solutions/products/product-catalog/view/automata-front-end/,No,No,S,Automata Front End - S
Automata Pro (New),/solutions/products/product-catalog/view/automata-pro-new/,No,No,S,Automata Pro (New) - S
Automata Selenium,/solutions/products/product-catalog/view/automata-selenium/,No,No,S,Automata Selenium - S
Automation Anywhere RPA Development (New),/solutions/products/product-catalog/view/automation-anywhere-rpa-development-new/,No,No,K,Automation Anywhere RPA Development (New) - K
Automotive Engineering (New),/solutions/products/product-catalog/view/automotive-engineering-new/,No,No,K,Automotive Engineering (New) - K
Basic Biology (New),/solutions/products/product-catalog/view/basic-biology-new/,No,No,K,Basic Biology (New) - K
Basic Computer Literacy (Windows 10) (New),/solutions/products/product-catalog/view/basic-computer-literacy-windows-10-new/,No,No,"S
K","Basic Computer Literacy (Windows 10) (New) - S
K"
Basic Statistics (New),/solutions/products/product-catalog/view/basic-statistics-new/,No,No,K,Basic Statistics (New) - K
Biochemistry (New),/solutions/products/product-catalog/view/biochemistry-new/,No,No,K,Biochemistry (New) - K
Biotech Lab Techniques (New),/solutions/products/product-catalog/view/biotech-lab-techniques-new/,No,No,K,Biotech Lab Techniques (New) - K
BizTalk (New),/solutions/products/product-catalog/view/biztalk-new/,No,No,K,BizTalk (New) - K
Business Communication (adaptive),/solutions/products/product-catalog/view/business-communication-adaptive/,No,No,K,Business Communication (adaptive) - K
Business Communications,/solutions/products/product-catalog/view/business-communications/,No,No,K,Business Communications - K
C Programming (New),/solutions/products/product-catalog/view/c-programming-new/,No,No,K,C Programming (New) - K
C# Programming (New),/solutions/products/product-catalog/view/c-programming-new-4039/,No,No,K,C# Programming (New) - K
C++ Programming (New),/solutions/products/product-catalog/view/c-programming-new-4122/,No,No,K,C++ Programming (New) - K
Cardiology and Diabetes Management (New),/solutions/products/product-catalog/view/cardiology-and-diabetes-management-new/,No,No,K,Cardiology and Diabetes Management (New) - K
Ceramic Engineering (New),/solutions/products/product-catalog/view/ceramic-engineering-new/,No,No,K,Ceramic Engineering (New) - K
Chemical Engineering (New),/solutions/products/product-catalog/view/chemical-engineering-new/,No,No,K,Chemical Engineering (New) - K
Cisco AppDynamics (New),/solutions/products/product-catalog/view/cisco-appdynamics-new/,No,No,K,Cisco AppDynamics (New) - K
Civil Engineering (New),/solutions/products/product-catalog/view/civil-engineering-new/,No,No,K,Civil Engineering (New) - K
Cloud Computing (New),/solutions/products/product-catalog/view/cloud-computing-new/,No,No,K,Cloud Computing (New) - K
COBOL Programming (New),/solutions/products/product-catalog/view/cobol-programming-new/,No,No,K,COBOL Programming (New) - K
Computer Science (New),/solutions/products/product-catalog/view/computer-science-new/,No,No,K,Computer Science (New) - K
Contact Center Call Simulation (New),/solutions/products/product-catalog/view/contact-center-call-simulation-new/,No,No,S,Contact Center Call Simulation (New) - S
Conversational Multichat Simulation,/solutions/products/product-catalog/view/conversational-multichat-simulation/,No,No,S,Conversational Multichat Simulation - S
Core Java (Advanced Level) (New),/solutions/products/product-catalog/view/core-java-advanced-level-new/,No,No,K,Core Java (Advanced Level) (New) - K
Core Java (Entry Level) (New),/solutions/products/product-catalog/view/core-java-entry-level-new/,No,No,K,Core Java (Entry Level) (New) - K
Count Out The Money,/solutions/products/product-catalog/view/count-out-the-money/,No,No,"K
S","Count Out The Money - K
S"
CSS3 (New),/solutions/products/product-catalog/view/css3-new/,No,No,K,CSS3 (New) - K
Culinary Skills (New),/solutions/products/product-catalog/view/culinary-skills-new/,No,No,K,Culinary Skills (New) - K
Customer Service Phone Simulation,/solutions/products/product-catalog/view/customer-service-phone-simulation/,No,No,"B
S","Customer Service Phone Simulation - B
S"
Customer Service Phone Solution,/solutions/products/product-catalog/view/customer-service-phone-solution/,No,No,"B
P
S","Customer Service Phone Solution - B
P
S"
Cyber Risk (New),/solutions/products/product-catalog/view/cyber-risk-new/,No,No,K,Cyber Risk (New) - K
Data Entry (New),/solutions/products/product-catalog/view/data-entry-new/,No,No,S,Data Entry (New) - S
Data Entry Alphanumeric Split Screen - US,/solutions/products/product-catalog/view/data-entry-alphanumeric-split-screen-us/,No,No,K,Data Entry Alphanumeric Split Screen - US - K
Data Entry Numeric Split Screen - US,/solutions/products/product-catalog/view/data-entry-numeric-split-screen-us/,No,No,K,Data Entry Numeric Split Screen - US - K
Data Entry Ten Key Split Screen,/solutions/products/product-catalog/view/data-entry-ten-key-split-screen/,No,No,K,Data Entry Ten Key Split Screen - K
Data Science (New),/solutions/products/product-catalog/view/data-science-new/,No,No,K,Data Science (New) - K
Data Warehousing Concepts,/solutions/products/product-catalog/view/data-warehousing-concepts/,No,No,K,Data Warehousing Concepts - K
Dependability and Safety Instrument (DSI),/solutions/products/product-catalog/view/dependability-and-safety-instrument-dsi/,No,No,P,Dependability and Safety Instrument (DSI) - P
Dermatology (New),/solutions/products/product-catalog/view/dermatology-new/,No,No,K,Dermatology (New) - K
Desktop Support (New),/solutions/products/product-catalog/view/desktop-support-new/,No,No,K,Desktop Support (New) - K
Digital Advertising (New),/solutions/products/product-catalog/view/digital-advertising-new/,No,No,K,Digital Advertising (New) - K
Digital Readiness Development Report - IC,/solutions/products/product-catalog/view/digital-readiness-development-report/,No,No,P,Digital Readiness Development Report - IC - P
Digital Readiness Development Report - Manager,/solutions/products/product-catalog/view/digital-readiness-development-report-manager/,No,No,P,Digital Readiness Development Report - Manager - P
Docker (New),/solutions/products/product-catalog/view/docker-new/,No,No,K,Docker (New) - K
Dojo (New),/solutions/products/product-catalog/view/dojo-new/,No,No,K,Dojo (New) - K
Drupal (New),/solutions/products/product-catalog/view/drupal-new/,No,No,K,Drupal (New) - K
DSI v1.1 Interpretation Report,/solutions/products/product-catalog/view/dsi-v1-1-interpretation-report/,No,No,P,DSI v1.1 Interpretation Report - P
Econometrics (New),/solutions/products/product-catalog/view/econometrics-new/,No,No,K,Econometrics (New) - K
Economics (New),/solutions/products/product-catalog/view/economics-new/,No,No,K,Economics (New) - K
Electrical and Electronics Engineering (New),/solutions/products/product-catalog/view/electrical-and-electronics-engineering-new/,No,No,K,Electrical and Electronics Engineering (New) - K
Electrical Engineering (New),/solutions/products/product-catalog/view/electrical-engineering-new/,No,No,K,Electrical Engineering (New) - K
Electronics & Telecommunications Engineering (New),/solutions/products/product-catalog/view/electronics-and-telecommunications-engineering-new/,No,No,K,Electronics & Telecommunications Engineering (New) - K
Electronics and Embedded Systems Engineering (New),/solutions/products/product-catalog/view/electronics-and-embedded-systems-engineering-new/,No,No,K,Electronics and Embedded Systems Engineering (New) - K
Electronics and Semiconductor Engineering (New),/solutions/products/product-catalog/view/electronics-and-semiconductor-engineering-new/,No,No,K,Electronics and Semiconductor Engineering (New) - K
English Comprehension (New),/solutions/products/product-catalog/view/english-comprehension-new/,No,No,K,English Comprehension (New) - K
Enterprise Java Beans (New),/solutions/products/product-catalog/view/enterprise-java-beans-new/,No,No,K,Enterprise Java Beans (New) - K
Enterprise Leadership Report 1.0,/solutions/products/product-catalog/view/enterprise-leadership-report/,No,No,P,Enterprise Leadership Report 1.0 - P
Enterprise Leadership Report 2.0,/solutions/products/product-catalog/view/enterprise-leadership-report-2-0/,No,No,P,Enterprise Leadership Report 2.0 - P
Entry Level Cashier Solution,/solutions/products/product-catalog/view/entry-level-cashier-solution/,No,No,"C
P","Entry Level Cashier Solution - C
P"
Entry Level Customer Serv-Retail & Contact Center,/solutions/products/product-catalog/view/entry-level-customer-serv-retail-and-contact-center/,No,No,"P
C","Entry Level Customer Serv-Retail & Contact Center - P
C"
Entry Level Customer Service (General) Solution,/solutions/products/product-catalog/view/entry-level-customer-service-general-solution/,No,No,"C
P","Entry Level Customer Service (General) Solution - C
P"
Entry Level Hotel Front Desk Solution,/solutions/products/product-catalog/view/entry-level-hotel-front-desk-solution/,No,No,"C
P","Entry Level Hotel Front Desk Solution - C
P"
Entry Level Sales Solution,/solutions/products/product-catalog/view/entry-level-sales-solution/,No,No,"C
P","Entry Level Sales Solution - C
P"
Entry Level Technical Support Solution,/solutions/products/product-catalog/view/entry-level-technical-support-solution/,No,No,"P
C","Entry Level Technical Support Solution - P
C"
ETL Testing (New),/solutions/products/product-catalog/view/etl-testing-new/,No,No,K,ETL Testing (New) - K
Executive Scenarios,/solutions/products/product-catalog/view/executive-scenarios/,No,No,B,Executive Scenarios - B
Executive Scenarios Narrative Report,/solutions/products/product-catalog/view/executive-scenarios-narrative-report/,No,No,B,Executive Scenarios Narrative Report - B
Executive Scenarios Profile Report,/solutions/products/product-catalog/view/executive-scenarios-profile-report/,No,No,B,Executive Scenarios Profile Report - B
ExpressJS (New),/solutions/products/product-catalog/view/expressjs-new/,No,No,K,ExpressJS (New) - K
Filing - Names (R1),/solutions/products/product-catalog/view/filing-names-r1/,No,No,K,Filing - Names (R1) - K
Filing - Numbers,/solutions/products/product-catalog/view/filing-numbers/,No,No,K,Filing - Numbers - K
Financial Accounting (New),/solutions/products/product-catalog/view/financial-accounting-new/,No,No,K,Financial Accounting (New) - K
Financial and Banking Services (New),/solutions/products/product-catalog/view/financial-and-banking-services-new/,No,No,K,Financial and Banking Services (New) - K
Fire Engineering (New),/solutions/products/product-catalog/view/fire-engineering-new/,No,No,K,Fire Engineering (New) - K
Following Instructions v1 - UK (R1),/solutions/products/product-catalog/view/following-instructions-v1-uk-r1/,No,No,K,Following Instructions v1 - UK (R1) - K
Following Instructions v1 - US (R2),/solutions/products/product-catalog/view/following-instructions-v1-us-r2/,No,No,K,Following Instructions v1 - US (R2) - K
Food and Beverage Services (New),/solutions/products/product-catalog/view/food-and-beverage-services-new/,No,No,K,Food and Beverage Services (New) - K
Food Science (New),/solutions/products/product-catalog/view/food-science-new/,No,No,K,Food Science (New) - K
Front Office Management (New),/solutions/products/product-catalog/view/front-office-management-new/,No,No,K,Front Office Management (New) - K
Fundamentals of Chemistry (New),/solutions/products/product-catalog/view/fundamentals-of-chemistry-new/,No,No,K,Fundamentals of Chemistry (New) - K
Fundamentals of Physics (New),/solutions/products/product-catalog/view/fundamentals-of-physics-new/,No,No,K,Fundamentals of Physics (New) - K
General Diseases (New),/solutions/products/product-catalog/view/general-diseases-new/,No,No,K,General Diseases (New) - K
Geoinformatics Engineering (New),/solutions/products/product-catalog/view/geoinformatics-engineering-new/,No,No,K,Geoinformatics Engineering (New) - K
Geoscience Engineering (New),/solutions/products/product-catalog/view/geoscience-engineering-new/,No,No,K,Geoscience Engineering (New) - K
GIT (New),/solutions/products/product-catalog/view/git-new/,No,No,K,GIT (New) - K
Global Skills Assessment,/solutions/products/product-catalog/view/global-skills-assessment/,No,No,"C
K","Global Skills Assessment - C
K"
Graduate Scenarios,/solutions/products/product-catalog/view/graduate-scenarios/,No,No,B,Graduate Scenarios - B
Graduate Scenarios Narrative Report,/solutions/products/product-catalog/view/graduate-scenarios-narrative-report/,No,No,B,Graduate Scenarios Narrative Report - B
Graduate Scenarios Profile Report,/solutions/products/product-catalog/view/graduate-scenarios-profile-report/,No,No,B,Graduate Scenarios Profile Report - B
Hibernate (New),/solutions/products/product-catalog/view/hibernate-new/,No,No,K,Hibernate (New) - K
HIPAA (Security),/solutions/products/product-catalog/view/hipaa-security/,No,No,K,HIPAA (Security) - K
HiPo Assessment Report 1.0,/solutions/products/product-catalog/view/hipo-assessment-report-1-0/,No,No,"C
P","HiPo Assessment Report 1.0 - C
P"
HiPo Assessment Report 2.0,/solutions/products/product-catalog/view/hipo-assessment-report-2-0/,No,No,"C
P","HiPo Assessment Report 2.0 - C
P"
HiPo Unlocking Potential Report 2.0,/solutions/products/product-catalog/view/hipo-unlocking-potential-report-2-0/,No,No,C,HiPo Unlocking Potential Report 2.0 - C
Housekeeping (New),/solutions/products/product-catalog/view/housekeeping-new/,No,No,K,Housekeeping (New) - K
HTML/CSS (New),/solutions/products/product-catalog/view/htmlcss-new/,No,No,K,HTML/CSS (New) - K
HTML5 (New),/solutions/products/product-catalog/view/html5-new/,No,No,K,HTML5 (New) - K
Human Resources (New),/solutions/products/product-catalog/view/human-resources-new/,No,No,K,Human Resources (New) - K
IBM DataStage (New),/solutions/products/product-catalog/view/ibm-datastage-new/,No,No,K,IBM DataStage (New) - K
IBM Sterling Order Management System (New),/solutions/products/product-catalog/view/ibm-sterling-order-management-system-new/,No,No,K,IBM Sterling Order Management System (New) - K
Industrial Engineering (New),/solutions/products/product-catalog/view/industrial-engineering-new/,No,No,K,Industrial Engineering (New) - K
Informatica (Architecture) (New),/solutions/products/product-catalog/view/informatica-architecture-new/,No,No,K,Informatica (Architecture) (New) - K
Informatica (Developer) (New),/solutions/products/product-catalog/view/informatica-developer-new/,No,No,K,Informatica (Developer) (New) - K
Instrumentation Engineering (New),/solutions/products/product-catalog/view/instrumentation-engineering-new/,No,No,K,Instrumentation Engineering (New) - K
Interpersonal Communications,/solutions/products/product-catalog/view/interpersonal-communications/,No,No,K,Interpersonal Communications - K
Interviewing and Hiring Concepts (U.S.),/solutions/products/product-catalog/view/interviewing-and-hiring-concepts-u-s/,No,No,K,Interviewing and Hiring Concepts (U.S.) - K
iOS Development (New),/solutions/products/product-catalog/view/ios-development-new/,No,No,K,iOS Development (New) - K
ITIL (IT Infrastructure Library) (New),/solutions/products/product-catalog/view/itil-it-infrastructure-library-new/,No,No,K,ITIL (IT Infrastructure Library) (New) - K
Java 2 Platform Enterprise Edition 1.4 Fundamental,/solutions/products/product-catalog/view/java-2-platform-enterprise-edition-1-4-fundamental/,No,No,K,Java 2 Platform Enterprise Edition 1.4 Fundamental - K
Java 8 (New),/solutions/products/product-catalog/view/java-8-new/,No,No,K,Java 8 (New) - K
Java Design Patterns (New),/solutions/products/product-catalog/view/java-design-patterns-new/,No,No,K,Java Design Patterns (New) - K
Java Frameworks (New),/solutions/products/product-catalog/view/java-frameworks-new/,No,No,K,Java Frameworks (New) - K
Java Platform Enterprise Edition 7 (Java EE 7),/solutions/products/product-catalog/view/java-platform-enterprise-edition-7-java-ee-7/,No,No,K,Java Platform Enterprise Edition 7 (Java EE 7) - K
Java Web Services (New),/solutions/products/product-catalog/view/java-web-services-new/,No,No,K,Java Web Services (New) - K
JavaScript (New),/solutions/products/product-catalog/view/javascript-new/,No,No,K,JavaScript (New) - K
Jenkins (New),/solutions/products/product-catalog/view/jenkins-new/,No,No,K,Jenkins (New) - K
Job Control Language (New),/solutions/products/product-catalog/view/job-control-language-new/,No,No,K,Job Control Language (New) - K
jQuery (New),/solutions/products/product-catalog/view/jquery-new/,No,No,K,jQuery (New) - K
Kubernetes (New),/solutions/products/product-catalog/view/kubernetes-new/,No,No,K,Kubernetes (New) - K
Linux Administration (New),/solutions/products/product-catalog/view/linux-administration-new/,No,No,K,Linux Administration (New) - K
Linux Operating System,/solutions/products/product-catalog/view/linux-operating-system/,No,No,K,Linux Operating System - K
Linux Programming (General),/solutions/products/product-catalog/view/linux-programming-general/,No,No,K,Linux Programming (General) - K
Load Runner (New),/solutions/products/product-catalog/view/load-runner-new/,No,No,K,Load Runner (New) - K
Management Scenarios,/solutions/products/product-catalog/view/management-scenarios/,No,No,B,Management Scenarios - B
Managerial Scenarios Candidate Report,/solutions/products/product-catalog/view/managerial-scenarios-candidate-report/,No,No,B,Managerial Scenarios Candidate Report - B
Managerial Scenarios Narrative Report,/solutions/products/product-catalog/view/managerial-scenarios-narrative-report/,No,No,B,Managerial Scenarios Narrative Report - B
Managerial Scenarios Profile Report,/solutions/products/product-catalog/view/managerial-scenarios-profile-report/,No,No,B,Managerial Scenarios Profile Report - B
Manual Testing (New),/solutions/products/product-catalog/view/manual-testing-new/,No,No,K,Manual Testing (New) - K
Manufac. & Indust. - Mechanical & Vigilance 8.0,/solutions/products/product-catalog/view/mechanical-and-vigilance-focus-8-0/,No,No,"A
P","Manufac. & Indust. - Mechanical & Vigilance 8.0 - A
P"
Manufac. & Indust. - Safety & Dependability 8.0,/solutions/products/product-catalog/view/safety-and-dependability-focus-8-0/,No,No,P,Manufac. & Indust. - Safety & Dependability 8.0 - P
Manufacturing & Industrial - Essential Focus 8.0,/solutions/products/product-catalog/view/essential-focus-8-0/,No,No,P,Manufacturing & Industrial - Essential Focus 8.0 - P
Manufacturing & Industrial - Mechanical Focus 8.0,/solutions/products/product-catalog/view/mechanical-focus-8-0/,No,No,"A
P","Manufacturing & Industrial - Mechanical Focus 8.0 - A
P"
Manufacturing & Industrial - Vigilance Focus 8.0,/solutions/products/product-catalog/view/vigilance-focus-8-0/,No,No,"A
P","Manufacturing & Industrial - Vigilance Focus 8.0 - A
P"
Marketing (New),/solutions/products/product-catalog/view/marketing-new/,No,No,K,Marketing (New) - K
Maven (New),/solutions/products/product-catalog/view/maven-new/,No,No,K,Maven (New) - K
Mechanical Engineering (New),/solutions/products/product-catalog/view/mechanical-engineering-new/,No,No,K,Mechanical Engineering (New) - K
Mechatronics Engineering (New),/solutions/products/product-catalog/view/mechatronics-engineering-new/,No,No,K,Mechatronics Engineering (New) - K
Medical Terminology (New),/solutions/products/product-catalog/view/medical-terminology-new/,No,No,K,Medical Terminology (New) - K
Metallurgical Engineering (New),/solutions/products/product-catalog/view/metallurgical-engineering-new/,No,No,K,Metallurgical Engineering (New) - K
MFS 360 Enterprise Leadership Report,/solutions/products/product-catalog/view/mfs-360-enterprise-leadership-report/,No,No,D,MFS 360 Enterprise Leadership Report - D
MFS 360 UCF Group Report,/solutions/products/product-catalog/view/mfs-360-ucf-group-report/,No,No,D,MFS 360 UCF Group Report - D
MFS 360 UCF Performance Potential Dev Tips Report,/solutions/products/product-catalog/view/mfs-360-ucf-performance-potential-dev-tips-report/,No,No,D,MFS 360 UCF Performance Potential Dev Tips Report - D
MFS 360 UCF Standard Report,/solutions/products/product-catalog/view/mfs-360-ucf-standard-report/,No,No,D,MFS 360 UCF Standard Report - D
Micro Focus Unified Functional Testing (New),/solutions/products/product-catalog/view/micro-focus-unified-functional-testing-new/,No,No,K,Micro Focus Unified Functional Testing (New) - K
Microservices (New),/solutions/products/product-catalog/view/microservices-new/,No,No,K,Microservices (New) - K
Microsoft Dynamics Development (New),/solutions/products/product-catalog/view/microsoft-dynamics-development-new/,No,No,K,Microsoft Dynamics Development (New) - K
Microsoft Excel 365 - Essentials (New),/solutions/products/product-catalog/view/microsoft-excel-365-essentials-new/,No,No,"K
S","Microsoft Excel 365 - Essentials (New) - K
S"
Microsoft Excel 365 (New),/solutions/products/product-catalog/view/microsoft-excel-365-new/,No,No,"K
S","Microsoft Excel 365 (New) - K
S"
Microsoft Outlook 2013 (adaptive),/solutions/products/product-catalog/view/microsoft-outlook-2013-adaptive/,No,No,K,Microsoft Outlook 2013 (adaptive) - K
Microsoft PowerPoint 365 - Essentials (New),/solutions/products/product-catalog/view/microsoft-powerpoint-365-essentials-new/,No,No,"K
S","Microsoft PowerPoint 365 - Essentials (New) - K
S"
Microsoft SQL Server 2014 Programming,/solutions/products/product-catalog/view/microsoft-sql-server-2014-programming/,No,No,K,Microsoft SQL Server 2014 Programming - K
Microsoft Windows Server 2012 Administration,/solutions/products/product-catalog/view/microsoft-windows-server-2012-administration/,No,No,K,Microsoft Windows Server 2012 Administration - K
Microsoft Word 365 - Essentials (New),/solutions/products/product-catalog/view/microsoft-word-365-essentials-new/,No,No,"K
S","Microsoft Word 365 - Essentials (New) - K
S"
Microsoft Word 365 (New),/solutions/products/product-catalog/view/microsoft-word-365-new/,No,No,"S
K","Microsoft Word 365 (New) - S
K"
Mineral Engineering (New),/solutions/products/product-catalog/view/mineral-engineering-new/,No,No,K,Mineral Engineering (New) - K
Mining Engineering (New),/solutions/products/product-catalog/view/mining-engineering-new/,No,No,K,Mining Engineering (New) - K
Mobility (New),/solutions/products/product-catalog/view/mobility-new/,No,No,K,Mobility (New) - K
Molecular Biology (New),/solutions/products/product-catalog/view/molecular-biology-new/,No,No,K,Molecular Biology (New) - K
MongoDB (New),/solutions/products/product-catalog/view/mongodb-new/,No,No,K,MongoDB (New) - K
Motivation Questionnaire MQM5,/solutions/products/product-catalog/view/motivation-questionnaire-mqm5/,No,No,P,Motivation Questionnaire MQM5 - P
MQ Candidate Motivation Report,/solutions/products/product-catalog/view/mq-candidate-motivation-report/,No,No,P,MQ Candidate Motivation Report - P
MQ Employee Motivation Report,/solutions/products/product-catalog/view/mq-employee-motivation-report/,No,No,P,MQ Employee Motivation Report - P
MQ Motivation Report Pack,/solutions/products/product-catalog/view/mq-motivation-report-pack/,No,No,P,MQ Motivation Report Pack - P
MQ Profile,/solutions/products/product-catalog/view/mq-profile/,No,No,P,MQ Profile - P
MS Access (New),/solutions/products/product-catalog/view/ms-access-new/,No,No,K,MS Access (New) - K
MS Excel (New),/solutions/products/product-catalog/view/ms-excel-new/,No,No,K,MS Excel (New) - K
MS Office Basic Computer Literacy (New),/solutions/products/product-catalog/view/ms-office-basic-computer-literacy-new/,No,No,K,MS Office Basic Computer Literacy (New) - K
MS Office Basic Computer Literacy (Sim) (New),/solutions/products/product-catalog/view/ms-office-basic-computer-literacy-sim-new/,No,No,S,MS Office Basic Computer Literacy (Sim) (New) - S
MS PowerPoint (New),/solutions/products/product-catalog/view/ms-powerpoint-new/,No,No,K,MS PowerPoint (New) - K
MS Word (New),/solutions/products/product-catalog/view/ms-word-new/,No,No,K,MS Word (New) - K
MuleSoft Development (New),/solutions/products/product-catalog/view/mulesoft-development-new/,No,No,K,MuleSoft Development (New) - K
Multitasking Ability,/solutions/products/product-catalog/view/multitasking-ability/,No,No,"A
K
S","Multitasking Ability - A
K
S"
Networking and Implementation (New),/solutions/products/product-catalog/view/networking-and-implementation-new/,No,No,K,Networking and Implementation (New) - K
Node.js (New),/solutions/products/product-catalog/view/node-js-new/,No,No,K,Node.js (New) - K
Nursing (New),/solutions/products/product-catalog/view/nursing-new/,No,No,K,Nursing (New) - K
Occupational Personality Questionnaire OPQ32r,/solutions/products/product-catalog/view/occupational-personality-questionnaire-opq32r/,No,No,P,Occupational Personality Questionnaire OPQ32r - P
Operations Management (New),/solutions/products/product-catalog/view/operations-management-new/,No,No,K,Operations Management (New) - K
OPQ Candidate Plus Report,/solutions/products/product-catalog/view/opq-candidate-plus-report/,No,No,P,OPQ Candidate Plus Report - P
OPQ Candidate Report 2.0,/solutions/products/product-catalog/view/opq-candidate-report-2-0/,No,No,P,OPQ Candidate Report 2.0 - P
OPQ Emotional Intelligence Report,/solutions/products/product-catalog/view/opq-emotional-intelligence-report/,No,No,P,OPQ Emotional Intelligence Report - P
OPQ Leadership Report,/solutions/products/product-catalog/view/opq-leadership-report/,No,No,P,OPQ Leadership Report - P
OPQ Manager Plus Report,/solutions/products/product-catalog/view/opq-manager-plus-report/,No,No,P,OPQ Manager Plus Report - P
OPQ Manager Plus Report 2.0,/solutions/products/product-catalog/view/opq-manager-plus-report-2-0/,No,No,P,OPQ Manager Plus Report 2.0 - P
OPQ Maximising your Learning Report,/solutions/products/product-catalog/view/opq-maximising-your-learning-report/,No,No,P,OPQ Maximising your Learning Report - P
OPQ MQ Sales Report,/solutions/products/product-catalog/view/opq-mq-sales-report/,No,No,P,OPQ MQ Sales Report - P
OPQ Premium Plus Report,/solutions/products/product-catalog/view/opq-premium-plus-report/,No,No,P,OPQ Premium Plus Report - P
OPQ Premium Plus Report 2.0,/solutions/products/product-catalog/view/opq-premium-plus-report-2-0/,No,No,P,OPQ Premium Plus Report 2.0 - P
OPQ Profile Report,/solutions/products/product-catalog/view/opq-profile-report/,No,No,P,OPQ Profile Report - P
OPQ Team Impact Group Development Report,/solutions/products/product-catalog/view/opq-team-impact-group-development-report/,No,No,P,OPQ Team Impact Group Development Report - P
OPQ Team Impact Individual Development Report,/solutions/products/product-catalog/view/opq-team-impact-individual-development-report/,No,No,P,OPQ Team Impact Individual Development Report - P
OPQ Team Impact Selection Report,/solutions/products/product-catalog/view/opq-team-impact-selection-report/,No,No,P,OPQ Team Impact Selection Report - P
OPQ Team Types & Leadership Styles Profile,/solutions/products/product-catalog/view/opq-team-types-and-leadership-styles-profile/,No,No,P,OPQ Team Types & Leadership Styles Profile - P
OPQ Team Types and Leadership Styles Report,/solutions/products/product-catalog/view/opq-team-types-and-leadership-styles-report/,No,No,P,OPQ Team Types and Leadership Styles Report - P
OPQ UCF Development Action Planner Report 1.0,/solutions/products/product-catalog/view/opq-ucf-development-action-planner-report/,No,No,P,OPQ UCF Development Action Planner Report 1.0 - P
OPQ UCF Development Action Planner Report 2.0,/solutions/products/product-catalog/view/opq-ucf-development-action-planner-report-2-0/,No,No,P,OPQ UCF Development Action Planner Report 2.0 - P
OPQ Universal Competency Report 1.0,/solutions/products/product-catalog/view/opq-universal-competency-report/,No,No,P,OPQ Universal Competency Report 1.0 - P
OPQ Universal Competency Report 2.0,/solutions/products/product-catalog/view/opq-universal-competency-report-2-0/,No,No,P,OPQ Universal Competency Report 2.0 - P
OPQ User and Managers Report,/solutions/products/product-catalog/view/opq-user-and-managers-report/,No,No,P,OPQ User and Managers Report - P
OPQ User Report,/solutions/products/product-catalog/view/opq-user-report/,No,No,"P
S","OPQ User Report - P
S"
Oracle DBA (Advanced Level) (New),/solutions/products/product-catalog/view/oracle-dba-advanced-level-new/,No,No,K,Oracle DBA (Advanced Level) (New) - K
Oracle DBA (Entry Level) (New),/solutions/products/product-catalog/view/oracle-dba-entry-level-new/,No,No,K,Oracle DBA (Entry Level) (New) - K
Oracle PL/SQL (New),/solutions/products/product-catalog/view/oracle-plsql-new/,No,No,K,Oracle PL/SQL (New) - K
Oracle WebLogic Server (New),/solutions/products/product-catalog/view/oracle-weblogic-server-new/,No,No,K,Oracle WebLogic Server (New) - K
Organic Chemistry (New),/solutions/products/product-catalog/view/organic-chemistry-new/,No,No,K,Organic Chemistry (New) - K
Paint Technology (New),/solutions/products/product-catalog/view/paint-technology-new/,No,No,K,Paint Technology (New) - K
Pediatrics (New),/solutions/products/product-catalog/view/pediatrics-new/,No,No,K,Pediatrics (New) - K
Pega Development (New),/solutions/products/product-catalog/view/pega-development-new/,No,No,K,Pega Development (New) - K
Perl (New),/solutions/products/product-catalog/view/perl-new/,No,No,K,Perl (New) - K
Petrochemical Engineering (New),/solutions/products/product-catalog/view/petrochemical-engineering-new/,No,No,K,Petrochemical Engineering (New) - K
Petroleum Engineering (New),/solutions/products/product-catalog/view/petroleum-engineering-new/,No,No,K,Petroleum Engineering (New) - K
Pharmaceutical Analysis (New),/solutions/products/product-catalog/view/pharmaceutical-analysis-new/,No,No,K,Pharmaceutical Analysis (New) - K
Pharmaceutical Chemistry (New),/solutions/products/product-catalog/view/pharmaceutical-chemistry-new/,No,No,K,Pharmaceutical Chemistry (New) - K
Pharmaceutical Science (New),/solutions/products/product-catalog/view/pharmaceutical-science-new/,No,No,K,Pharmaceutical Science (New) - K
Pharmaceutics (New),/solutions/products/product-catalog/view/pharmaceutics-new/,No,No,K,Pharmaceutics (New) - K
Pharmacology (New),/solutions/products/product-catalog/view/pharmacology-new/,No,No,K,Pharmacology (New) - K
PHP (New),/solutions/products/product-catalog/view/php-new/,No,No,K,PHP (New) - K
PJM Development Report,/solutions/products/product-catalog/view/pjm-development-report/,No,No,"C
A
P","PJM Development Report - C
A
P"
PJM Selection Report,/solutions/products/product-catalog/view/pjm-selection-report/,No,No,"A
C
P","PJM Selection Report - A
C
P"
Polymer Engineering (New),/solutions/products/product-catalog/view/polymer-engineering-new/,No,No,K,Polymer Engineering (New) - K
Power Electronics and Drives (New),/solutions/products/product-catalog/view/power-electronics-and-drives-new/,No,No,K,Power Electronics and Drives (New) - K
Power System Engineering (New),/solutions/products/product-catalog/view/power-system-engineering-new/,No,No,K,Power System Engineering (New) - K
Prism (New),/solutions/products/product-catalog/view/prism-new/,No,No,K,Prism (New) - K
Production and Industrial Engineering (New),/solutions/products/product-catalog/view/production-and-industrial-engineering-new/,No,No,K,Production and Industrial Engineering (New) - K
Production Engineering (New),/solutions/products/product-catalog/view/production-engineering-new/,No,No,K,Production Engineering (New) - K
Programming Concepts,/solutions/products/product-catalog/view/programming-concepts/,No,No,K,Programming Concepts - K
Project Management (2013),/solutions/products/product-catalog/view/project-management-2013/,No,No,K,Project Management (2013) - K
Proofreading v1,/solutions/products/product-catalog/view/proofreading-v1/,No,No,K,Proofreading v1 - K
Python (New),/solutions/products/product-catalog/view/python-new/,No,No,K,Python (New) - K
R Programming (New),/solutions/products/product-catalog/view/r-programming-new/,No,No,K,R Programming (New) - K
ReactJS (New),/solutions/products/product-catalog/view/reactjs-new/,No,No,K,ReactJS (New) - K
Reading Comprehension - English v1,/solutions/products/product-catalog/view/reading-comprehension-english-v1/,No,No,A,Reading Comprehension - English v1 - A
Reading Comprehension - Spanish v1,/solutions/products/product-catalog/view/reading-comprehension-spanish-v1/,No,No,A,Reading Comprehension - Spanish v1 - A
Reading Comprehension v2,/solutions/products/product-catalog/view/reading-comprehension-v2/,No,No,A,Reading Comprehension v2 - A
RemoteWorkQ,/solutions/products/product-catalog/view/remoteworkq/,No,No,C,RemoteWorkQ - C
RemoteWorkQ Manager Report,/solutions/products/product-catalog/view/remoteworkq-manager-report/,No,No,C,RemoteWorkQ Manager Report - C
RemoteWorkQ Participant Report,/solutions/products/product-catalog/view/remoteworkq-participant-report/,No,No,C,RemoteWorkQ Participant Report - C
RESTful Web Services (New),/solutions/products/product-catalog/view/restful-web-services-new/,No,No,K,RESTful Web Services (New) - K
Retail Sales and Service Simulation,/solutions/products/product-catalog/view/retail-sales-and-service-simulation/,No,No,"B
K
S
A","Retail Sales and Service Simulation - B
K
S
A"
Reviewing Forms - US (R1),/solutions/products/product-catalog/view/reviewing-forms-us-r1/,No,No,K,Reviewing Forms - US (R1) - K
Ruby (New),/solutions/products/product-catalog/view/ruby-new/,No,No,K,Ruby (New) - K
Ruby on Rails (New),/solutions/products/product-catalog/view/ruby-on-rails-new/,No,No,K,Ruby on Rails (New) - K
Sales & Service Phone Simulation,/solutions/products/product-catalog/view/sales-and-service-phone-simulation/,No,No,"S
B","Sales & Service Phone Simulation - S
B"
Sales & Service Phone Solution,/solutions/products/product-catalog/view/sales-and-service-phone-solution/,No,No,"B
P
S","Sales & Service Phone Solution - B
P
S"
Sales Interview Guide,/solutions/products/product-catalog/view/sales-interview-guide/,No,No,"P
P","Sales Interview Guide - P
P"
Sales Profiler Cards,/solutions/products/product-catalog/view/sales-profiler-cards/,No,No,P,Sales Profiler Cards - P
Sales Transformation 1.0 - Individual Contributor,/solutions/products/product-catalog/view/sales-transformation-report-individual-contributor/,No,No,P,Sales Transformation 1.0 - Individual Contributor - P
Sales Transformation 2.0 - Individual Contributor,/solutions/products/product-catalog/view/salestransformationreport2-0-individualcontributor/,No,No,P,Sales Transformation 2.0 - Individual Contributor - P
Sales Transformation Report 1.0 - Sales Manager,/solutions/products/product-catalog/view/sales-transformation-report-sales-manager/,No,No,P,Sales Transformation Report 1.0 - Sales Manager - P
Sales Transformation Report 2.0 - Sales Manager,/solutions/products/product-catalog/view/sales-transformation-report-2-0-sales-manager/,No,No,P,Sales Transformation Report 2.0 - Sales Manager - P
Salesforce Development (New),/solutions/products/product-catalog/view/salesforce-development-new/,No,No,K,Salesforce Development (New) - K
SAP ABAP (Advanced Level) (New),/solutions/products/product-catalog/view/sap-abap-advanced-level-new/,No,No,K,SAP ABAP (Advanced Level) (New) - K
SAP ABAP (Intermediate Level) (New),/solutions/products/product-catalog/view/sap-abap-intermediate-level-new/,No,No,K,SAP ABAP (Intermediate Level) (New) - K
SAP Basis (New),/solutions/products/product-catalog/view/sap-basis-new/,No,No,K,SAP Basis (New) - K
SAP Business Objects WebI (New),/solutions/products/product-catalog/view/sap-business-objects-webi-new/,No,No,K,SAP Business Objects WebI (New) - K
SAP BW (Business Warehouse) (New),/solutions/products/product-catalog/view/sap-bw-business-warehouse-new/,No,No,K,SAP BW (Business Warehouse) (New) - K
SAP HCM (Human Capital Management) (New),/solutions/products/product-catalog/view/sap-hcm-human-capital-management-new/,No,No,K,SAP HCM (Human Capital Management) (New) - K
SAP Hybris (New),/solutions/products/product-catalog/view/sap-hybris-new/,No,No,K,SAP Hybris (New) - K
SAP Materials Management (New),/solutions/products/product-catalog/view/sap-materials-management-new/,No,No,K,SAP Materials Management (New) - K
SAP SD (Sales and Distribution) (New),/solutions/products/product-catalog/view/sap-sd-sales-and-distribution-new/,No,No,K,SAP SD (Sales and Distribution) (New) - K
Search Engine Optimization (New),/solutions/products/product-catalog/view/search-engine-optimization-new/,No,No,K,Search Engine Optimization (New) - K
Selenium (New),/solutions/products/product-catalog/view/selenium-new/,No,No,K,Selenium (New) - K
Shell Scripting (New),/solutions/products/product-catalog/view/shell-scripting-new/,No,No,K,Shell Scripting (New) - K
SHL Verify Interactive - Inductive Reasoning,/solutions/products/product-catalog/view/shl-verify-interactive-inductive-reasoning/,No,No,"A
S","SHL Verify Interactive - Inductive Reasoning - A
S"
SHL Verify Interactive – Deductive Reasoning,/solutions/products/product-catalog/view/shl-verify-interactive-deductive-reasoning/,No,No,"A
S","SHL Verify Interactive – Deductive Reasoning - A
S"
SHL Verify Interactive – Numerical Reasoning,/solutions/products/product-catalog/view/shl-verify-interactive-numerical-reasoning/,No,No,"A
S","SHL Verify Interactive – Numerical Reasoning - A
S"
SHL Verify Interactive G+,/solutions/products/product-catalog/view/shl-verify-interactive-g/,No,No,A,SHL Verify Interactive G+ - A
SHL Verify Interactive Numerical Calculation,/solutions/products/product-catalog/view/shl-verify-interactive-numerical-calculation/,No,No,A,SHL Verify Interactive Numerical Calculation - A
Siebel Development (New),/solutions/products/product-catalog/view/siebel-development-new/,No,No,K,Siebel Development (New) - K
Smart Interview Live,/solutions/products/product-catalog/view/smart-interview-live/,No,No,P,Smart Interview Live - P
Smart Interview Live Coding,/solutions/products/product-catalog/view/smart-interview-live-coding/,No,No,K,Smart Interview Live Coding - K
Smart Interview On Demand,/solutions/products/product-catalog/view/smart-interview-on-demand/,No,No,P,Smart Interview On Demand - P
Social Media (New),/solutions/products/product-catalog/view/social-media-new/,No,No,K,Social Media (New) - K
Software Business Analysis,/solutions/products/product-catalog/view/software-business-analysis/,No,No,K,Software Business Analysis - K
SonarQube (New),/solutions/products/product-catalog/view/sonarqube-new/,No,No,K,SonarQube (New) - K
Spelling (U.S.) (New),/solutions/products/product-catalog/view/spelling-u-s-new/,No,No,K,Spelling (U.S.) (New) - K
Split Screen Typing Test - Form 1,/solutions/products/product-catalog/view/split-screen-typing-test-form-1/,No,No,"A
K","Split Screen Typing Test - Form 1 - A
K"
Spring (New),/solutions/products/product-catalog/view/spring-new/,No,No,K,Spring (New) - K
SQL (New),/solutions/products/product-catalog/view/sql-new/,No,No,K,SQL (New) - K
SQL Server (New),/solutions/products/product-catalog/view/sql-server-new/,No,No,K,SQL Server (New) - K
SQL Server Analysis Services (SSAS) (New),/solutions/products/product-catalog/view/sql-server-analysis-services-%28ssas%29-%28new%29/,No,No,K,SQL Server Analysis Services (SSAS) (New) - K
SQL Server Integration Services (SSIS) (New),/solutions/products/product-catalog/view/sql-server-integration-services-ssis-new/,No,No,K,SQL Server Integration Services (SSIS) (New) - K
SQL Server Reporting Services (SSRS) (New),/solutions/products/product-catalog/view/sql-server-reporting-services-ssrs-new/,No,No,K,SQL Server Reporting Services (SSRS) (New) - K
Statistical Analysis System (New),/solutions/products/product-catalog/view/statistical-analysis-system-new/,No,No,K,Statistical Analysis System (New) - K
Struts (New),/solutions/products/product-catalog/view/struts-new/,No,No,K,Struts (New) - K
SVAR - Spoken English (AUS),/solutions/products/product-catalog/view/svar-spoken-english-aus/,No,No,S,SVAR - Spoken English (AUS) - S
SVAR - Spoken English (Indian Accent)  (New),/solutions/products/product-catalog/view/svar-spoken-english-indian-accent-new/,No,No,S,SVAR - Spoken English (Indian Accent)  (New) - S
SVAR - Spoken English (U.K.),/solutions/products/product-catalog/view/svar-spoken-english-u-k/,No,No,S,SVAR - Spoken English (U.K.) - S
SVAR - Spoken English (US)  (New),/solutions/products/product-catalog/view/svar-spoken-english-us-new/,No,No,S,SVAR - Spoken English (US)  (New) - S
SVAR - Spoken French (Canadian) (New),/solutions/products/product-catalog/view/svar-spoken-french-canadian-new/,No,No,S,SVAR - Spoken French (Canadian) (New) - S
SVAR - Spoken French (European) (New),/solutions/products/product-catalog/view/svar-spoken-french-european-new/,No,No,S,SVAR - Spoken French (European) (New) - S
SVAR - Spoken Spanish (Castilian) (New),/solutions/products/product-catalog/view/svar-spoken-spanish-castilian-new/,No,No,S,SVAR - Spoken Spanish (Castilian) (New) - S
SVAR - Spoken Spanish (North American) (New),/solutions/products/product-catalog/view/svar-spoken-spanish-north-american-new/,No,No,S,SVAR - Spoken Spanish (North American) (New) - S
Swing (New),/solutions/products/product-catalog/view/swing-new/,No,No,K,Swing (New) - K
Tableau (New),/solutions/products/product-catalog/view/tableau-new/,No,No,K,Tableau (New) - K
Telecommunications Engineering (New),/solutions/products/product-catalog/view/telecommunications-engineering-new/,No,No,K,Telecommunications Engineering (New) - K
Teradata Development (New),/solutions/products/product-catalog/view/teradata-development-new/,No,No,K,Teradata Development (New) - K
Time Management (U.S.),/solutions/products/product-catalog/view/time-management-u-s/,No,No,K,Time Management (U.S.) - K
Training Development,/solutions/products/product-catalog/view/training-development/,No,No,K,Training Development - K
Typing (New),/solutions/products/product-catalog/view/typing-new/,No,No,S,Typing (New) - S
UiPath RPA Development (New),/solutions/products/product-catalog/view/uipath-rpa-development-new/,No,No,K,UiPath RPA Development (New) - K
Universal Competency Framework Interview Guide,/solutions/products/product-catalog/view/universal-competency-framework-interview-guide/,No,No,"C
P","Universal Competency Framework Interview Guide - C
P"
Universal Competency Framework Job profiling guide,/solutions/products/product-catalog/view/universal-competency-framework-job-profiling-guide/,No,No,"C
P","Universal Competency Framework Job profiling guide - C
P"
Universal Competency Framework Profiler Cards (44),/solutions/products/product-catalog/view/universal-competency-framework-profiler-cards-44/,No,No,"C
P","Universal Competency Framework Profiler Cards (44) - C
P"
UNIX (New),/solutions/products/product-catalog/view/unix-new/,No,No,K,UNIX (New) - K
VB.NET (New),/solutions/products/product-catalog/view/vb-net-new/,No,No,K,VB.NET (New) - K
Verify - Deductive Reasoning,/solutions/products/product-catalog/view/verify-deductive-reasoning/,No,No,A,Verify - Deductive Reasoning - A
Verify - Following Instructions,/solutions/products/product-catalog/view/verify-following-instructions/,No,No,A,Verify - Following Instructions - A
Verify - G+,/solutions/products/product-catalog/view/verify-g/,No,No,A,Verify - G+ - A
Verify - General Ability Screen,/solutions/products/product-catalog/view/verify-general-ability-screen/,No,No,A,Verify - General Ability Screen - A
Verify - Inductive Reasoning (2014),/solutions/products/product-catalog/view/verify-inductive-reasoning-2014/,No,No,A,Verify - Inductive Reasoning (2014) - A
Verify - Numerical Ability,/solutions/products/product-catalog/view/verify-numerical-ability/,No,No,A,Verify - Numerical Ability - A
Verify - Technical Checking - Next Generation,/solutions/products/product-catalog/view/verify-technical-checking-next-generation/,No,No,A,Verify - Technical Checking - Next Generation - A
Verify - Verbal Ability - Next Generation,/solutions/products/product-catalog/view/verify-verbal-ability-next-generation/,No,No,A,Verify - Verbal Ability - Next Generation - A
Verify - Working with Information,/solutions/products/product-catalog/view/verify-working-with-information/,No,No,A,Verify - Working with Information - A
Verify G+ - Ability Test Report,/solutions/products/product-catalog/view/verify-g-ability-test-report/,No,No,A,Verify G+ - Ability Test Report - A
Verify G+ - Candidate Report,/solutions/products/product-catalog/view/verify-g-candidate-report/,No,No,A,Verify G+ - Candidate Report - A
Verify Interactive Ability Report,/solutions/products/product-catalog/view/verify-interactive-ability-report/,No,No,A,Verify Interactive Ability Report - A
Verify Interactive G+ Candidate Report,/solutions/products/product-catalog/view/verify-interactive-g-candidate-report/,No,No,A,Verify Interactive G+ Candidate Report - A
Verify Interactive G+ Report,/solutions/products/product-catalog/view/verify-interactive-g-report/,No,No,A,Verify Interactive G+ Report - A
Verify Interactive Process Monitoring,/solutions/products/product-catalog/view/verify-interactive-process-monitoring/,No,No,A,Verify Interactive Process Monitoring - A
Virtual Assessment and Development Centers,/solutions/products/product-catalog/view/virtual-assessment-and-development-centers/,No,No,P,Virtual Assessment and Development Centers - P
Visual Basic for Applications (New),/solutions/products/product-catalog/view/visual-basic-for-applications-new/,No,No,K,Visual Basic for Applications (New) - K
Visual Comparison - UK,/solutions/products/product-catalog/view/visual-comparison-uk/,No,No,K,Visual Comparison - UK - K
Visual Comparison - US,/solutions/products/product-catalog/view/visual-comparison-us/,No,No,K,Visual Comparison - US - K
VLSI and Embedded Systems (New),/solutions/products/product-catalog/view/vlsi-and-embedded-systems-new/,No,No,K,VLSI and Embedded Systems (New) - K
What Is The Value - US,/solutions/products/product-catalog/view/what-is-the-value-us/,No,No,K,What Is The Value - US - K
Workplace Administration Skills (New),/solutions/products/product-catalog/view/workplace-administration-skills-new/,No,No,K,Workplace Administration Skills (New) - K
Workplace Health and Safety (New),/solutions/products/product-catalog/view/workplace-health-and-safety-new/,No,No,K,Workplace Health and Safety (New) - K
WriteX - Email Writing (Customer Service) (New),/solutions/products/product-catalog/view/writex-email-writing-customer-service-new/,No,No,S,WriteX - Email Writing (Customer Service) (New) - S
WriteX - Email Writing (Managerial) (New),/solutions/products/product-catalog/view/writex-email-writing-managerial-new/,No,No,S,WriteX - Email Writing (Managerial) (New) - S
WriteX - Email Writing (Sales) (New),/solutions/products/product-catalog/view/writex-email-writing-sales-new/,No,No,"B
S","WriteX - Email Writing (Sales) (New) - B
S"
Written English v1,/solutions/products/product-catalog/view/written-english-v1/,No,No,K,Written English v1 - K
Written Spanish,/solutions/products/product-catalog/view/written-spanish/,No,No,K,Written Spanish - K
Zabbix (New),/solutions/products/product-catalog/view/zabbix-new/,No,No,K,Zabbix (New) - K
360 Digital Report,/solutions/products/product-catalog/view/360-digital-report/,No,No,D,360 Digital Report - D
360° Multi-Rater Feedback System (MFS),/solutions/products/product-catalog/view/360-multi-rater-feedback-system-mfs/,No,No,"D
P","360° Multi-Rater Feedback System (MFS) - D
P"
